<?xml version="1.0" encoding="utf-8"?>
<categories>
    <!-- Fruits & Légumes -->
    <category>
        <name>category_fruits</name>
        <articles>
            <!-- Banane -->
            <article>
                <icon>article_banane</icon>
                <displayName>article_name_banane</displayName>
                <description>article_banane_desc</description>
                <price>article_banane_prix</price>
            </article>

            <!-- Carotte -->
            <article>
                <icon>article_carotte</icon>
                <displayName>article_name_carotte</displayName>
                <description>article_carotte_desc</description>
                <price>article_carotte_prix</price>
                <quantity>5</quantity>
            </article>

            <!-- Pomme -->
            <article>
                <icon>article_pomme</icon>
                <displayName>article_name_pomme</displayName>
                <description>article_pomme_desc</description>
                <price>article_pomme_prix</price>
            </article>

            <!-- Raisin -->
            <article>
                <icon>article_raisin</icon>
                <displayName>article_name_raisin</displayName>
                <description>article_raisin_desc</description>
                <price>article_raisin_prix</price>
            </article>

            <!-- Peche -->
            <article>
                <icon>article_peche</icon>
                <displayName>article_name_peche</displayName>
                <description>article_peche_desc</description>
                <price>article_peche_prix</price>
            </article>
        </articles>
    </category>

    <!-- Céréales et légumineuses -->
    <category>
        <name>category_cereals</name>
        <articles>
            <!-- Pois -->
            <article>
                <icon>article_pois</icon>
                <displayName>article_name_pois</displayName>
                <description>article_pois_desc</description>
                <price>article_pois_prix</price>
            </article>

            <!-- Pain -->
            <article>
                <icon>article_pain</icon>
                <displayName>article_name_pain</displayName>
                <description>article_pain_desc</description>
                <price>article_pain_prix</price>
            </article>

            <!-- Mais -->
            <article>
                <icon>article_mais</icon>
                <displayName>article_name_mais</displayName>
                <description>article_mais_desc</description>
                <price>article_mais_prix</price>
            </article>
        </articles>
    </category>

    <!-- Produit laitiers -->
    <category>
        <name>category_diary</name>
        <articles>
            <!-- Lait -->
            <article>
                <icon>article_lait</icon>
                <displayName>article_name_lait</displayName>
                <description>article_lait_desc</description>
                <price>article_lait_prix</price>
            </article>

            <!-- Beurre -->
            <article>
                <icon>article_beurre</icon>
                <displayName>article_name_beurre</displayName>
                <description>article_beurre_desc</description>
                <price>article_beurre_prix</price>
            </article>

            <!-- Yaourt -->
            <article>
                <icon>article_yaourt</icon>
                <displayName>article_name_yaourt</displayName>
                <description>article_yaourt_desc</description>
                <price>article_yaourt_prix</price>
            </article>

            <!-- Fromage -->
            <article>
                <icon>article_fromage</icon>
                <displayName>article_name_fromage</displayName>
                <description>article_fromage_desc</description>
                <price>article_fromage_prix</price>
            </article>
        </articles>
    </category>

    <!-- Viandes, poisson et fruits de mer -->
    <category>
        <name>category_meat</name>
        <articles>
            <!-- Viande -->
            <article>
                <icon>article_viande</icon>
                <displayName>article_name_viande</displayName>
                <description>article_viande_desc</description>
                <price>article_viande_prix</price>
            </article>

            <!-- Poisson -->
            <article>
                <icon>article_poisson</icon>
                <displayName>article_name_poisson</displayName>
                <description>article_poisson_desc</description>
                <price>article_poisson_prix</price>
            </article>

            <!-- Homard -->
            <article>
                <icon>article_homard</icon>
                <displayName>article_name_homard</displayName>
                <description>article_homard_desc</description>
                <price>article_homard_prix</price>
            </article>
        </articles>
    </category>
</categories>
